City,Code,Type,Line,Station,Station-en
3010,413100002469,自行车,溧水,中山桥北,North Zhongshanqiao
3010,413100002617,自行车,溧水,包家,Baojia
3010,413100002955,自行车,溧水,淮源街好又多,Huaiyuanjie Haoyouduo Store
3010,413100003046,自行车,溧水,淮源新村东北角,Northeast Cornerof Huaiyuan Xincun
3010,413100003051,自行车,溧水,龙山桥北,North Longshanqiao
3010,413100003133,自行车,溧水,三高中,Lishui No.3 High School
3010,413100003138,自行车,溧水,三元新村,Sanyuan Xincun
3010,413100003140,自行车,溧水,二里桥东,EastErliqiao
3010,413100003769,自行车,溧水,金蛙新村,Jinwa Xincun
3010,413100003834,自行车,溧水,凤麟水苑,FenglingShuiyuan
3010,413100004356,自行车,溧水,经典花园,Jingdian Huayuan
3010,413100004400,自行车,溧水,馨怡嘉园,Xinyi Jiayuan
3010,413100004452,自行车,溧水,中山湖站1号口,ZhongshanhuMetro Station Exit 1
3010,413100005135,自行车,溧水,爱涛天逸园南门,South Gate of Aitao Tianyiyuan
3010,413100006743,自行车,溧水,美丽新城,Meili Xincheng
3010,413100007187,自行车,溧水,爱涛天逸城,Aitao Tianyicheng
3010,413100007207,自行车,溧水,永阳政府,Yongyang Government
3010,413100010030,自行车,主城,软件谷管委会,Software Valley Management Committee
3010,413100013449,自行车,江北,文教中心,Culture and Education Center
3010,413100013454,自行车,江北,工业大学站东,East Nanjing Tech University Metro Station
3010,413100013455,自行车,江北,财政局,Pukou Finance Bureau
3010,413100013456,自行车,江北,金雁湖南,South Jinyan Lake
3010,413100013470,自行车,江北,方州广场地铁3号口,Fangzhouguangchang Metro Exit 3
3010,413100013488,自行车,江北,南江新寓,Nanjiang Xinyu
3010,413100013489,自行车,江北,柳洲东路地铁站2号口,Liuzhoudonglu Metro Exit 2
3010,413100013497,自行车,江北,珠泉市场,Zhuquan Market
3010,413100013503,自行车,江北,龙华路2号口,Longhualu Metro Exit 2
3010,413100013505,自行车,江北,明发云庭西门,West Gate of Mingfa Yunting
3010,413100013506,自行车,江北,雨山美地,Yushan Meidi
3010,413100013507,自行车,江北,北江豪庭,Beijiang Haoting
3010,413100013518,自行车,江北,西水湾北,North Xishuiwan
3010,413100013525,自行车,江北,雨山路5号口,Yushanlu Metro Exit 5
3010,413100013566,自行车,江北,天润城八街区,8th Block of Tianruncheng
3010,413100013567,自行车,江北,百润西路苏果店,"Bairunxilu,Suguo Store"
3010,413100013568,自行车,江北,红太阳小学,Hongtaiyang Primary School
3010,413100013571,自行车,江北,柳洲东路好又多,"Liuzhoudonglu,Haoyouduo Mart"
3010,413100013586,自行车,江北,新一城,Xinyicheng
3010,413100013599,自行车,江北,新理想东,East Xinlixiang
3010,413100013603,自行车,江北,鼎业花苑,Dingye Huayuan
3010,413100013604,自行车,江北,凤凰花园,Fenghuang Huayuan
3010,413100013607,自行车,江北,人才公寓,High-tech Zone Talent Apartment
3010,413100013613,自行车,江北,青奥公园南,South Youth Olympic Park
3010,413100013614,自行车,江北,青奥公园东,East Youth Olympic Park
3010,413100013616,自行车,江北,临江路站1号口,Linjiang Metro Exit 1
3010,413100023652,自行车,主城,雨花门地铁2号口,Yuhuamen Metro Exit 2
3010,413100023658,自行车,主城,武定新村北,North Wuding Xincun
3010,413100023660,自行车,主城,文安里小区,Wen'anli Community
3010,413100023710,自行车,主城,瑞金大厦,Ruijin Building
3010,413100023714,自行车,主城,双桥里,Shuangqiaoli
3010,413100023716,自行车,主城,丁村小区南,South Dingcun Community
3010,413100023718,自行车,主城,鼓楼地铁1号口,Gulou Metro Exit 1
3010,413100023722,自行车,主城,白鹭东苑东,East Bailu Dongyuan
3010,413100023736,自行车,主城,奥体东3号出口,Olympic Stadium East MetroExit 3
3010,413100023741,自行车,主城,明发广场西,West Mingfaguangchang
3010,413100023743,自行车,主城,三牌楼小区,Sanpailou Community
3010,413100025768,自行车,主城,徐庄先声药业,Xuzhuang Simcare Pharmaceutical
3010,413100025771,自行车,主城,中华门城堡东,East China Gate Castle
3010,413100025772,自行车,主城,蓝岸青山科技,Lan'an Qingshan Tech
3010,413100025773,自行车,主城,张府园地铁3号口,Zhangfuyuan Metro Exit 3
3010,413100025774,自行车,主城,夫子庙北门,North Gate of Confucius Temple
3010,413100025778,自行车,主城,陆家巷小区东,East Lujiaxiang Community
3010,413100025781,自行车,主城,际华广场,Jihua Plaza
3010,413100025787,自行车,主城,水平方南,South Shopping Fun
3010,413100025795,自行车,主城,安德门地铁站东,East Andemen Metro Station
3010,413100025875,自行车,主城,华泰证券大厦,Huatai Securities Building
3010,413100025902,自行车,主城,江苏广播大厦,Jiangsu Broadcasting Building
3010,413100025926,自行车,主城,城南供电局,Chengnan Power Supply Bureau
3010,413100025964,自行车,主城,文竹路,Wenzhulu
3010,413100025965,自行车,主城,花神美境南,South Huashen Meijing
3010,413100025966,自行车,主城,仁恒翠竹园南,South Renheng Cuizhuyuan
3010,413100025989,自行车,主城,赛虹桥西,West Saihongqiao
3010,413100025993,自行车,主城,爱达花园南,South Aida Huayuan
3010,413100026011,自行车,主城,景明佳园西,West Jingming Jiayuan
3010,413100026013,自行车,主城,长虹路北,North Changhonglu
3010,413100026014,自行车,主城,新城逸境西门,West Gate of Xincheng Yijing
3010,413100026020,自行车,主城,集庆门副食品市场,Jiqingmen Non-staple Food Market
3010,413100026023,自行车,主城,欢喜城,Huanxicheng
3010,413100026024,自行车,主城,左邻风度西门,West Gate of Zuolin Fengdu
3010,413100026044,自行车,主城,新城市广场南,South New City Plaza
3010,413100026069,自行车,主城,兴隆大街(西),West Xinglongdajie
3010,413100026073,自行车,主城,天隆寺地铁站,Tianlongsi Metro Station
3010,413100026108,自行车,主城,新城大厦东,East Xincheng Building
3010,413100026121,自行车,主城,苏豪集团北,NorthSuhao Group
3010,413100026128,自行车,主城,新城市广场西,West New City Plaza
3010,413100026131,自行车,主城,南站玉兰路西,South Railway Station West Yulanlu
3010,413100026141,自行车,主城,宏图上水园北,North Hongtu Shangshuiyuan
3010,413100026152,自行车,主城,宏图上水园南,South Hongtu Shangshuiyuan
3010,413100026157,自行车,主城,清凉山公园,Qingliangshan Park
3010,413100026159,自行车,主城,花神大道华为东门,Huashendadao East Gate of Huawei
3010,413100027962,自行车,主城,八卦洲服务中心,Baguazhou Service Center
3010,413100027968,自行车,主城,八卦洲码头,BaguazhouFerry Terminal
3010,413100027980,自行车,主城,公教一村南,South Gongjiao Yicun
3010,413100028004,自行车,江北,地铁林场站,Linchang Metro Station
3010,413100028056,自行车,主城,南京女子监狱,Nanjing Women's Prison
3010,413100028058,自行车,主城,楚翘城西侧,West Elite City
3010,413100028065,自行车,江北,地铁东大成贤学院东,East SEU Chengxian College Metro Station
3010,413100028070,自行车,江北,扬子一中,Yangzi No.1 Middle School
3010,413100028071,自行车,江北,扬子十七村,Yangzi Xincun District 17
3010,413100028085,自行车,主城,丰盛集团,Fullshare Group
3010,413100028102,自行车,主城,广播电视学院,Broadcast and Television College
3010,413100028104,自行车,主城,翠岛花城北,North Cuidao Huacheng
3010,413100028107,自行车,主城,卡子门麦德龙,Kazimen METRO Store
3010,413100028116,自行车,主城,金叶花园小区,Jinye Huayuan Community
3010,413100028129,自行车,江北,扬子活动中心,Yangzi Activity Center
3010,413100028131,自行车,江北,工业大学,Nanjing Tech University
3010,413100028138,自行车,江北,山畔一村,Shanpan Xincun District 1
3010,413100028142,自行车,主城,南京市人防办,Nanjing Civil Air Defense Office
3010,413100028194,自行车,江北,鼎业二期,Dingye Phase 2
3010,413100028196,自行车,江宁,金箔路天印公园,JinboluTianyin Park
3010,413100028361,自行车,主城,润和软件园北,North Runhe Software Park
3010,413100028367,自行车,主城,康盛花园西,West Kangsheng Huayuan
3010,413100028377,自行车,主城,南站茶都,South Railway Station Tea City
3010,413100028384,自行车,主城,安德门地铁站,Andemen Metro Station
3010,413100028400,自行车,主城,花神庙地铁站,Huashenmiao Metro Station
3010,413100028402,自行车,主城,雨花公安分局,Yuhua Public Security Bureau
3010,413100028409,自行车,主城,欧尚超市汉中门店东,Auchan Supermarket Hanzhongmen Store East
3010,413100028415,自行车,主城,莫愁湖地铁2号出口东,East Mochouhu Metro Exit 2
3010,413100028425,自行车,主城,云锦美地东门,East Gate of Yunjin Meidi
3010,413100028432,自行车,主城,万科金色3号门,GateNo.3 of Vanke Jinse Jiayuan
3010,413100028433,自行车,主城,万科金色家园南,South Vanke Jinse Jiayuan
3010,413100028434,自行车,主城,凤翔新城二期东门,East Gate of Fengxiang Xincheng Phase 2
3010,413100028436,自行车,主城,欧尚超市汉中门店北,Auchan Supermarket Hanzhongmen Store North
3010,413100028449,自行车,主城,雨花台中学,Yuhuatai Middle School
3010,413100028466,自行车,主城,康盛花园南,South Kangsheng Huayuan
3010,413100028476,自行车,主城,君悦湖滨西,West Junyue Hubin
3010,413100028503,自行车,主城,新城市广场东,East New City Plaza
3010,413100028505,自行车,主城,郁金香小区南,South Yujinxiang Community
3010,413100028512,自行车,主城,元通2号出口,Yuantong Metro Exit 2
3010,413100028514,自行车,主城,南站玉兰路东,South Railway Station East Yulanlu
3010,413100028523,自行车,主城,集庆门码头,Jiqingmen Dock
3010,413100028524,自行车,主城,积善公寓东门,East Gate of Jishan Apartment
3010,413100028540,自行车,主城,产权交易中心,Property Exchange Center
3010,413100028541,自行车,主城,考棚小学,Kaopeng Primary School
3010,413100028548,自行车,主城,中兴三期茶花路,ZTE Phase 3 Chahualu
3010,413100028551,自行车,主城,雨花小区南门,South Gate of Yuhua Community
3010,413100028558,自行车,主城,软件大道华为南门,Ruanjiandadao South Gate of Huawei
3010,413100028979,自行车,江北,中交锦兰荟,Zhongjiao Jinlanhui
3010,413100028980,自行车,江北,新交通集团,New Transportation Group
3010,413100028989,自行车,江北,海科新寓,Haike Xinyu
3010,413100028990,自行车,江北,七里河大桥,Qilihe Bridge
3010,413100028992,自行车,江北,江淼路,Jiangmiaolu
3010,413100028997,自行车,江北,行知教育基地,Xingzhi Education Base
3010,413100029004,自行车,江北,西水湾南,South Xishuiwan
3010,413100029014,自行车,江北,闻涛广场,Wentao Square
3010,413100029016,自行车,江北,珠江小学,Zhujiang Primary School
3010,413100029026,自行车,江北,腾飞大厦,Tengfei Building
3010,413100029034,自行车,江北,金盛田广场,Jinshengtian Plaza
3010,413100029076,自行车,主城,锦绣街绿地之窗,Jinxiujie Greenland Window
3010,413100029091,自行车,主城,小火瓦巷口,Xiaohuowaxiang Crossing
3010,413100029097,自行车,主城,程阁老巷北,North Chenggelaoxiang
3010,413100029108,自行车,主城,鼓楼法治文化广场,Gulou Nomocracy Cultural Square
3010,413100029110,自行车,主城,中山北路招行,Zhongshanbeilu China Merchants Bank
3010,413100029127,自行车,主城,国网宁海路变电站,State Grid Ninghailu Substation
3010,413100029131,自行车,主城,热河路广场西,West Rehelu Square
3010,413100029135,自行车,主城,风尚国际公寓南区,South District of Fengshang International Apartment
3010,413100029160,自行车,主城,夫子庙地铁2号口,Fuzimiao Metro Exit 2
3010,413100029163,自行车,主城,白下路199号,Baixialu No.199
3010,413100029169,自行车,主城,龙台大厦,Longtai Building
3010,413100029170,自行车,主城,南大附中北,North Nanjing University Affiliated High School
3010,413100029194,自行车,主城,仙境路羊山湖公园,"Xianjing Lu,Yangshanhu Park"
3010,413100029203,自行车,主城,游府西街市电大,Youfuxijie Nanjing Radio and TV University
3010,413100029209,自行车,主城,羊山公园站,Yangshangongyuan Station
3010,413100029213,自行车,主城,魏源故居,Wei Yuan's Former Residence
3010,413100029294,自行车,主城,东方金融大厦,Oriental Finance Building
3010,413100029324,自行车,江北,地铁凤凰公园站4号口,Fenghuangshan Park Metro Exit 4
3010,413100029346,自行车,江北,复兴路场站,Fuxinglu Bus Terminal
3010,413100029347,自行车,江北,幸福城珑庭,Xingfucheng Longting
3010,413100029352,自行车,江北,龙湖1号,Longhu No.1
3010,413100029395,自行车,主城,宁夏路西康路口,Xikanglu Intersection of Ningxialu
3010,413100029399,自行车,主城,虎踞变电站,HujuSubstation
3010,413100029416,自行车,主城,大方国际家居,Dafang International HomeFurniture
3010,413100029418,自行车,主城,金川国际科园东,East Jinchuan International Science Park
3010,413100029419,自行车,主城,白马公园南广场,South Square of Baima Park
3010,413100029420,自行车,主城,地铁红山动物园北,North Hongshan Zoo Metro Station
3010,413100029435,自行车,主城,经天路地铁2号口,Jingtianlu Metro Exit 2
3010,413100029445,自行车,主城,名城华贵园北,North Mingcheng Huaguiyuan
3010,413100029447,自行车,主城,模范路科技创新街区,Mofanlu Technology Innovation Block
3010,413100029464,自行车,主城,西康宾馆,Xikang Hotel
3010,413100029466,自行车,主城,古平岗回龙桥,Gupinggang Huilongqiao
3010,413100029467,自行车,主城,省财政厅,Department of Finance of Jiangsu Province
3010,413100029486,自行车,主城,玉桥市场,Yuqiao Market
3010,413100029495,自行车,主城,虎踞北路察哈尔路,Hujubeilu Chaharlu
3010,413100029502,自行车,主城,圣淘沙花城,Shengtaosha Huacheng
3010,413100029553,自行车,主城,爱达花园南,South Aida Huayuan
3010,413100030012,自行车,主城,栖园,Qiyuan
3010,413100030025,自行车,江宁,金箔路竹山公园,Jinbolu Zhushan Park
3010,413100030071,自行车,主城,雨花东路南京宁星,Yuhuadonglu Nanjing Ningxing
3010,413100030080,自行车,主城,香悦澜山南门,South Gate of Xiangyue Lanshan
3010,413100030083,自行车,主城,经天路地铁,Jingtianlu Metro
3010,413100030110,自行车,主城,建初寺西,WestJianchu Temple
3010,413100030143,自行车,主城,璇子巷59号,Xuanzixiang No.59
3010,413100030161,自行车,主城,鼓楼医院4号口南,South of Exit 4 of Gulou Hospital
3010,413100030167,自行车,主城,鼓楼医院4号口北,North of Exit 4 of Gulou Hospital
3010,413100030168,自行车,主城,江苏商厦,Jiangsu Commercial Building
3010,413100030177,自行车,主城,察哈尔路67号,Chaharlu No.67
3010,413100030181,自行车,主城,湖南路中央商场,Hunanlu Central Emporium
3010,413100030193,自行车,主城,苜蓿园大街南,South Muxuyuan Dajie
3010,413100030208,自行车,主城,清辉园,Qinghuiyuan
3010,413100030216,自行车,主城,八卦洲小城镇,BaguazhouXiaochengzhen
3010,413100030228,自行车,主城,八卦洲城镇东,East Baguazhou Chengzhen
3010,413100030258,自行车,江北,扬子十八村,Yangzi Xincun District 18
3010,413100030262,自行车,主城,安乐村北门,North Gate of Anlecun
3010,413100030304,自行车,江北,城西路地铁基地,Chengxilu Metro Base
3010,413100030331,自行车,主城,五台花园,Wutai Huayuan Community
3010,413100030346,自行车,主城,教师公寓南门,South Gate of Teachers' Residence
3010,413100045435,自行车,江宁,金箔路服务中心南,South Jinbolu Service Center
3010,413100045439,自行车,江宁,金箔路交警中队,Jinbolu Traffic Police Squadron
3010,413100045454,自行车,江宁,明发广场,Mingfaguangchang
3010,413100045459,自行车,江宁,金箔路金宝市场2,Jinbolu Jinbao Market 2
3010,413100045479,自行车,江宁,河定桥地铁站东,East Hedingqiao Metro Station
3010,413100045487,自行车,江宁,河定桥地铁站西,West Hedingqiao Metro Station
3010,413100045500,自行车,江宁,盛泰桥西,West Shengtai Bridge
3010,413100045506,自行车,江宁,竹山路,Zhushanlu
3010,413100045521,自行车,江宁,胜太路地铁站东,East Shengtailu Metro Station
3010,413100045523,自行车,江宁,百家湖地铁站,Baijiaihu Metro Station
3010,413100045525,自行车,江宁,双龙大道地铁站,Shuanglongdadao Metro Station
3010,413100045531,自行车,江宁,双龙大道地铁站2,Shuanglongdadao Metro Station 2
3010,413100045578,自行车,江宁,龙眠大道地铁站,Longmiandadao Metro Station
3010,413100046357,自行车,江宁,河海大学,Hohai University
3010,413100200232,自行车,溧水,质监局,LishuiAQSIQ
3010,413100200239,自行车,溧水,石湫政府,Shiqiu Government
3010,413100200305,自行车,溧水,秦淮东郡西,West Qinhuai Dongjun
3010,413100200318,自行车,溧水,中山湖站4号口,Zhongshanhu Metro Station Exit 4
3010,413100200380,自行车,溧水,珍珠佳苑西门,West Gate of Zhenzhu Jiayuan
3010,413100200425,自行车,溧水,水务局,Lishui Water Authority
3010,413100202140,自行车,溧水,石湫轻轨站,Shiqiu Light Rail Station
3010,413100202161,自行车,溧水,溧水站5号口,Lishui Metro Station Exit 5
3010,413100202213,自行车,溧水,荣昌花园东门,East Gate of Rongchang Huayuan
3010,413100203082,自行车,江宁,知行路文鼎广场南,Zhixinglu South Wending Plaza
3010,413100203341,自行车,江宁,金盛路紫薇花园,Jinshenglu Ziwei Huayuan
3010,413100400354,自行车,主城,张府园地铁2号口,Zhangfuyuan Metro Exit 2
3010,413100400373,自行车,主城,交通大厦,Jiaotong Building
3010,413100400375,自行车,主城,米兰假日大酒店,Milan Holiday Hotel
3010,413100400390,自行车,主城,金盛家居,Jinsheng Home Furnishing
3010,413100400424,自行车,主城,小市地铁2号口,Xiaoshi Metro Exit 2
3010,413100400430,自行车,主城,秦淮区政府,Qinhuai District Government
3010,413100400440,自行车,主城,上海路地铁1号口,Shanghailu Metro Exit 1
3010,413100400447,自行车,江北,江佑铂庭,Jiangyou Boting
3010,413100400448,自行车,江北,江浦四中,Jiangpu No.4 Middle School
3010,413100400449,自行车,江北,万汇城东,East Wanhuicheng
3010,413100400450,自行车,江北,卸甲甸2号,Xiejiadian Metro Exit 2
3010,413100400458,自行车,江北,邻里中心,Gaoxinlu Neighborhood Center
3010,413100400473,自行车,江北,环龙池路,Huanlongchilu
3010,413100400474,自行车,江北,高新路16号,Gaoxinlu No.16
3010,413100400479,自行车,江北,金年华,Jinnianhua
3010,413100400483,自行车,江北,顶山都市产业园,Dingshan Urban Industrial Park
3010,413100400486,自行车,江北,芳庭潘园,Fangting Panyuan
3010,413100400492,自行车,江北,浦泗路建设银行,Pusilu CCB
3010,413100400495,自行车,江北,区政府,Luhe District Government
3010,413100400500,自行车,江北,桥西苑北门,North Gate of Qiaoxiyuan Community
3010,413100400507,自行车,江北,江北大道,Jiangbeidadao
3010,413100400510,自行车,江北,天润城七街区,7th Block of Tianruncheng
3010,413100400521,自行车,江北,凤凰山公园地铁3号口,Fenghuangshan Park Metro Exit 3
3010,413100400528,自行车,江北,国美电器,Gome Electric
3010,413100400529,自行车,江北,江浦三中,Jiangpu No.3 Middle School
3010,413100400531,自行车,江北,江浦二中,Jiangpu No.2 Middle School
3010,413100400532,自行车,江北,怡景佳园,Yijing Jiayuan
3010,413100400533,自行车,江北,林散之纪念馆,Lin Sanzhi Memorial Hall
3010,413100400534,自行车,江北,象山花园,Xiangshan Huayuan
3010,413100400535,自行车,江北,浦口交通局,Pukou Transportation Bureau
3010,413100400536,自行车,江北,文德路3号口,Wendelu Metro Exit 3
3010,413100400537,自行车,江北,文德路2号口,Wendelu Metro Exit 2
3010,413100400538,自行车,江北,文德路1号口,Wendelu Metro Exit 1
3010,413100400540,自行车,江北,龙华路4号口,Longhualu Metro Exit 4
3010,413100400542,自行车,江北,龙华路3号口,Longhualu Metro Exit 3
3010,413100400543,自行车,江北,柳洲东路总站,Liuzhoudonglu Terminal
3010,413100400544,自行车,江北,柳洲东路地铁站1号口,Liuzhoudonglu Metro Exit 1
3010,413100400560,自行车,江北,葛中路,Gezhonglu
3010,413100400574,自行车,江北,扬子二单,Yangzi Ethylene Unit 2
3010,413100400581,自行车,江北,扬子二村,Yangzi Xincun District 2
3010,413100400583,自行车,江北,土储中心,Land Reserve Center
3010,413100400584,自行车,江北,扬子十四村,Yangzi Xincun District 14
3010,413100400586,自行车,江北,鼓扬/扬子乙烯公交总站,Gu Yang Line/Yangzi Ethylene Bus Terminal
3010,413100400600,自行车,江北,卸甲甸1号,Xiejiadian Metro Exit 1
3010,413100400602,自行车,江北,天润城十六街区,16th Block of Tianruncheng
3010,413100400604,自行车,江北,四柳公交场站,Siliu Bus Terminal
3010,413100400608,自行车,江北,天润城十一街区西,West 11th Block of Tianruncheng
3010,413100400610,自行车,江北,天润城地铁站2号口,Tianruncheng Metro Exit 2
3010,413100400611,自行车,江北,天润养老院,Tianrun Nursing Home
3010,413100400612,自行车,江北,七里桥,Qiliqiao Bridge
3010,413100400613,自行车,江北,天润城二街区,2nd Block of Tianruncheng
3010,413100400615,自行车,江北,天润城地铁站3号口,Tianruncheng Metro Exit 3
3010,413100400620,自行车,江北,浦口码头,Pukou Ferry Terminal
3010,413100400626,自行车,江北,市民中心,Civic Center
3010,413100400633,自行车,江北,天润城一街区,1st Block of Tianruncheng
3010,413100400635,自行车,江北,柳洲东路地铁站3号口,Liuzhoudonglu Metro Exit 3
3010,413100400642,自行车,江北,泰冯路地铁站1号口,Taifenglu Metro Exit 1
3010,413100400834,自行车,主城,湖北路路口,Hubeilu Crossing
3010,413100401525,自行车,主城,名城世家,Mingcheng Shijia
3010,413100402111,自行车,主城,中胜站(南),South Zhongsheng Metro Station
3010,413100409737,自行车,主城,银城广场东,East Yincheng Plaza
3010,413100409778,自行车,主城,中医药大学南,South Nanjing University of TCM
3010,413100409780,自行车,主城,雨润大街地铁站(东),East Yurundajie Metro Station
3010,413100409785,自行车,主城,金陵中学,Jinling High School Hexi Campus
3010,413100409804,自行车,主城,石头城水木秦淮,Shitouchenglu Shuimu Qinhuai
3010,413100409809,自行车,主城,吉庆家园南门,South Gate of Jiqing Jiayuan Community
3010,413100409829,自行车,主城,琥珀花园南,South Hupo Huayuan
3010,413100409832,自行车,主城,中华门地铁站南,South Zhonghuamen Metro Station
3010,413100409855,自行车,主城,雨润大街地铁站(西),West Yurundajie Metro Station
3010,413100410279,自行车,主城,省公安厅,Public Security Department of Jiangsu Province
3010,413100410281,自行车,主城,模范马路香格里拉,Mofanmalu Shangri-La
3010,413100410290,自行车,主城,新湖大道东,East Xinhudadao
3010,413100410296,自行车,江北,荣盛华府,Rongsheng Huafu Community
3010,413100410298,自行车,江北,幸福城,Xingfucheng
3010,413100410318,自行车,江北,龙湖御景,Longhu Yujing
3010,413100410332,自行车,主城,保利紫荆公馆北门,North Gate of Baoli Zijing Gongguan
3010,413100410337,自行车,主城,南外河西分校,Nanjing Foreign Language School Hexi Campus
3010,413100410342,自行车,江北,扬子八村,Yangzi Xincun District 8
3010,413100410371,自行车,江北,明发城市广场,Mingfa City Plaza
3010,413100410374,自行车,江北,天润城五街区,5th Block of Tianruncheng
3010,413100410375,自行车,江北,龙华路3号口,Longhualu Metro Exit 3
3010,413100410390,自行车,江北,澳林广场,Aolin Plaza
3010,413100410395,自行车,江北,融创臻园,Rongchuang Zhenyuan
3010,413100410402,自行车,江北,泰隆集团,Tailong Group
3010,413100410407,自行车,江北,明发云庭广场,Mingfa Yunting Market
3010,413100410416,自行车,主城,血液中心办公楼,Blood Center Office Building
3010,413100410421,自行车,江北,万锦熙岸西,West Wanjin Xi'an
3010,413100410435,自行车,江北,天润城十二街区,12th Block of Tianruncheng
3010,413100410438,自行车,江北,天润城十六街区南,South 16th Block of Tianruncheng
3010,413100410442,自行车,江北,天润城九街区南,South of 9th Block of Tianruncheng
3010,413100410447,自行车,江北,农大浦口校区,NJAU Pukou Campus
3010,413100410449,自行车,江北,江城人家,Jiangcheng Renjia
3010,413100410455,自行车,江北,新河社区,Xinhe Community
3010,413100410459,自行车,江北,警官学院,Police Institute
3010,413100411363,自行车,主城,常府街地铁4号口,Changfujie Metro Exit 4
3010,413100411397,自行车,主城,南京市第十三中学,Nanjing No.13 Middle School
3010,413100411451,自行车,主城,凤凰和睿大厦南,South Phoenix Herui Building
3010,413100411563,自行车,主城,空司南,South Air Force Command
3010,413100411568,自行车,主城,市政府,Nanjing City Hall
3010,413100411586,自行车,主城,下马坊地铁口,Xiamafang Metro Exit
3010,413100411593,自行车,主城,城市假日南,South City Hoilday Community
3010,413100411608,自行车,主城,迈皋桥地铁1号口,Maigaoqiao Metro Exit 1
3010,413100411665,自行车,主城,建邺区政府,Jianye District Government
3010,413100411667,自行车,主城,金蕊家苑,Jinrui Jiayuan
3010,413100411671,自行车,主城,时光澔韵,Shiguang Haoyun
3010,413100411674,自行车,主城,兴隆大街站(南),South Xinglongdajie Metro Station
3010,413100411681,自行车,主城,小行地铁站南,South Xiaohang Metro Station
3010,413100411684,自行车,主城,摩卡庄园,Moka Zhuangyuan
3010,413100411687,自行车,主城,爱涛逸珍公馆南,South Aitao Yizhen Gongguan
3010,413100411689,自行车,主城,卡子门地铁站,Kazimen Metro Station
3010,413100411693,自行车,主城,雨花烈士陵园北门,North Gate of Yuhua Martyrs Cemetery
3010,413100411694,自行车,主城,博悦澜庭,Boyue Lanting
3010,413100411737,自行车,主城,雨花烈士陵园南门,South Gate of Yuhua Martyrs Cemetery
3010,413100411738,自行车,主城,邓府山,Dengfushan
3010,413100411742,自行车,主城,雨花区政府北门,North Gate of Yuhua District Government
3010,413100411743,自行车,主城,四季经典,Siji Jingdian
3010,413100411746,自行车,主城,明发广场东,East Mingfaguangchang
3010,413100411791,自行车,主城,地铁集庆门大街5号出口,Jiqingmendajie Metro Exit 5
3010,413100411803,自行车,主城,江南名府北门,NorthGate of Jiangnan Mingfu
3010,413100411815,自行车,主城,国资大厦,Guozi Building
3010,413100411821,自行车,主城,莫愁花园南门,South Gate of Mochou Garden
3010,413100411823,自行车,主城,华润苏果应天店东,East China Resources Suguo Yingtian Store
3010,413100411825,自行车,主城,中兴人才公寓,ZTE Talent Apartment
3010,413100411827,自行车,主城,花神科技园,Huashen Science and Technology Park
3010,413100411834,自行车,主城,紫荆广场,Zijing Plaza
3010,413100411839,自行车,主城,软件大道地铁站,Ruanjiandadao Metro Station
3010,413100411844,自行车,主城,南京科技馆北,North Nanjing Science and Technology Museum
3010,413100411851,自行车,主城,游府新村北门,North Gate of Youfu Xincun
3010,413100411903,自行车,主城,九龙大厦,Jiulong Building
3010,413100411904,自行车,主城,秦淮花园小区,Qinhuai Huayuan Community
3010,413100411908,自行车,主城,解放路北,North Jiefanglu
3010,413100411917,自行车,主城,大桥南路八巷,Daqiaonanlu Baxiang
3010,413100411984,自行车,主城,高楼门53号,Gaoloumen No.53
3010,413100411990,自行车,主城,天津新村1号门,Gate No.1 of Tianjin Xincun
3010,413100411992,自行车,主城,金润发薛家巷,CE-Mart Xuejiangxiang Store
3010,413100411994,自行车,主城,玉兰丁墙路口,Dingqianglu Intersection ofYulanlu
3010,413100411995,自行车,主城,大明路地铁1号口,Daminglu Metro Exit 1
3010,413100411997,自行车,主城,玄武门地铁4号口,Xuanwumen Metro Exit 4
3010,413100412003,自行车,主城,省电视台,Jiangsu TV Station
3010,413100412008,自行车,主城,情侣园东门,East Gate of Qinglvyuan
3010,413100412010,自行车,主城,市第一医院西,West Nanjing First Hospital
3010,413100412011,自行车,主城,三山街地铁4号口,Sanshanjie Metro Exit 4
3010,413100412020,自行车,主城,江南大酒店,Jiangnan Hotel
3010,413100412038,自行车,主城,西苑宾馆,Xiyuan Hotel
3010,413100412049,自行车,主城,龙蟠路太阳宫,Longpanlu Sun Palace
3010,413100412054,自行车,主城,洪武路羊皮巷路口,Yangpixiang Intersection of Hongwulu
3010,413100412055,自行车,主城,金基尚书里,Jinji Shangshuli
3010,413100414694,自行车,主城,润泰市场外三山矶,Outside Runtai Market Sanshanji
3010,413100414701,自行车,主城,锦华新城小区北门,North Gate of Jinhua Xincheng Community
3010,413100415062,自行车,江北,智鼎源大门,Zhidingyuan Gate
3010,413100415063,自行车,江北,海科新寓二期,Haike Xinyu Phase 2
3010,413100415105,自行车,江宁,南站南广场,South Square of South Railway Station
3010,413100415167,自行车,江宁,长途客运站,Coach Station
3010,413100415171,自行车,江宁,麦德龙,METRO Store
3010,413100415206,自行车,主城,白下路101号,Baixialu No.101
3010,413100415217,自行车,江北,金地格林格林,Jindi Gelin Gelin
3010,413100415219,自行车,江北,力标四季嘉园,Libiao Siji Jiayuan
3010,413100415462,自行车,主城,南京长江科技园,Nanjing Changjiang Science and Technology Park
3010,413100415469,自行车,主城,八卦洲俊红生态园,Baguazhou Junhong Ecological Park
3010,413100415519,自行车,主城,新金茂花园南,South Xinjinmao Huayuan
3010,413100415523,自行车,主城,金茂花园西,West Jinmao Huayuan
3010,413100415559,自行车,主城,石头城路滨水休闲,Shitouchenglu Waterfront Leisure
3010,413100415582,自行车,主城,疾病预防控制中心,Centers for Disease Control and Prevention
3010,413100415595,自行车,主城,金陵大公馆,Jinling Grand Residence
3010,413100415597,自行车,主城,红十字血液中心,Red Cross Blood Center
3010,413100415629,自行车,主城,锦华新城西门,West Gate of Jinhua Xincheng Community
3010,413100424939,自行车,江宁,上元大街文化广场,Shangyuandajie Cultural Square
3010,413100425490,自行车,江宁,泓意万嘉西门,West Gate of Hongyi Wanjia Community
3010,413100425507,自行车,江宁,陶氏纸业,Taoshi Papers
3010,413100425512,自行车,江宁,科苑路营宁路口,Yingning Intersection of Keyuanlu
3010,413100425584,自行车,江宁,江宁高铁站,Jiangning High-speed Railway Station
3010,413100425639,自行车,江宁,秦淮河新大桥,New Qinhuai River Bridge
3010,413100425670,自行车,江宁,新都荟(南站),South Railway Station Xinduhui Community
3010,413100425672,自行车,江宁,通盛客运公司,Tongsheng Bus Company
3010,413100426690,自行车,江宁,通盛客运公司,Tongsheng Bus Company
3010,413100426833,自行车,江宁,明月路雅仕居,Mingyuelu Yashiju
3010,413100426901,自行车,江宁,金盛路紫薇花园,Jinshenglu Ziwei Huayuan
3010,413100426916,自行车,江宁,明月路上海明珠,Mingyuelu Shanghaimingzhu
3010,413100426930,自行车,江宁,宏运大道地铁站,Hongyundadao Metro Station
3010,413100426943,自行车,江宁,北沿路中前公寓,Beiyanlu Zhongqian Apartment
3010,413100426960,自行车,江宁,江宁电大,Jiangning Radio and TV University
3010,413100426973,自行车,江宁,高尔夫国际花园北,North Golf International Garden
3010,413100427013,自行车,江宁,景明佳园,Jingming Jiayuan
3010,413100427017,自行车,江宁,金箔路华润苏果,Jinbolu China Resources Suguo
3010,413100427018,自行车,江宁,机场S1佛城路1,"Airport Line S1,Fochenglu 1"
3010,413100427028,自行车,江宁,金箔路金宝市场1,Jinbolu Jinbao Market 1
3010,413100427057,自行车,江宁,21世纪现代城北门,North Gate of 21st Century Modern City
3010,413100427063,自行车,江宁,恒安嘉园北门,North Gate of Heng'an Jiayuan Community
3010,413100427069,自行车,江宁,上元大道供销商厦,Shangyuandadao Supply and Marketing Commercial Building
3010,413100427522,自行车,江宁,湿地公园1,Wetland Park 1
3010,413100427546,自行车,江宁,南站服务中心,South Railway Station Service Center
3010,413100427581,自行车,江宁,弘景大道工程学院,Hongjingdadao Nanjing Institute of Technology
3010,413100427582,自行车,江宁,宏运大道山水方舟,Hongyundadao Shanshui Fangzhou
3010,413100427630,自行车,江宁,莱茵东郡西门,West Gate of Laiyin Dongjun Community
3010,413100427643,自行车,江宁,金盛路天柱门,Jinshenglu Tianzhumen
3010,413100427648,自行车,江宁,金盛路明月港湾,Jinshenglu Mingyue Gangwan
3010,413100427656,自行车,江宁,潭园西路口,Tanyuanxilu Crossing
3010,413100427658,自行车,江宁,金盛路金竹花园,Jinshenglu Jinzhu Huayuan
3010,413100427666,自行车,江宁,金盛路中水路口,Zhongshuilu Intersection of Jinshenglu
3010,413100427675,自行车,江宁,金盛路天地新城,Jinshenglu Tiandi Xincheng
3010,413100427683,自行车,江宁,宏运大道武夷商城,Hongyundadao Wuyi Mall
3010,413100429817,自行车,江宁,金箔路龙园宾馆,Jinbolu Longyuan Hotel
3010,413100429830,自行车,江宁,江宁宾馆,Jiangning Hotel
3010,413100429835,自行车,江宁,景祥佳园,Jingxiang Jiayuan Community
3010,413100429942,自行车,江宁,天印地铁站南2,South Tianyindadao Metro Station 2
3010,413100429944,自行车,江宁,天印地铁站南1,South Tianyindadao Metro Station1
3010,413100429963,自行车,江宁,银晟千花溪,Yinsheng Qianhuaxi
3010,413100430416,自行车,江宁,岔路中心小学,Chalu Central Primary School
3010,413100430551,自行车,江宁,同夏路东山总站,"Tongxialu,Dongshan Terminal"
3010,413100600684,自行车,主城,解放军理工,PLA University of Science and Technology
3010,413100609622,自行车,主城,兴隆大街(东),East Xinglongdajie
3010,413100609709,自行车,主城,五矿崇文金城2期,Wukuang Chongwen Jincheng Phase 2
3010,413100609711,自行车,主城,清泽园,Qingzeyuan
3010,413100609712,自行车,主城,清润园,Qingrunyuan
3010,413100609775,自行车,主城,南京市体校,Nanjing Sports School
3010,413100609843,自行车,主城,佳日雅苑西,West Jiari Yayuan
3010,413100609846,自行车,主城,德业广场,Deye Plaza
3010,413100609902,自行车,主城,中胜站(北),North Zhongsheng Metro Station
3010,413100610175,自行车,主城,行政服务大厅,Administrative Service Hall
3010,413100610191,自行车,主城,地铁元通6号出口,Yuantong Metro Exit 6
3010,413100610192,自行车,主城,浮桥地铁2号口,Fuqiao Metro Exit 2
3010,413100610198,自行车,主城,栖园东门,East Gate of Qiyuan
3010,413100610219,自行车,主城,好邻居都市菜场,Haolinju City Wet Market
3010,413100610220,自行车,主城,元通4号出口,Yuantong Metro Exit 4
3010,413100610221,自行车,主城,德盈大厦东门,East Gate of Deying Building
3010,413100610246,自行车,主城,中山俊景,Zhongshan Junjing
3010,413100610252,自行车,主城,挹江门东,East Yijiang Gate
3010,413100610255,自行车,主城,张家圩小区,Zhangjiaxu Community
3010,413100610271,自行车,主城,地铁学则路站,Xuezelu Metro Station
3010,413100610274,自行车,主城,摄山路,Sheshanlu
3010,413100610275,自行车,主城,广州路宁海路,Ninghailu Intersection of Guangzhoulu
3010,413100610283,自行车,主城,大桥南路家乐福店,Daqiaonanlu Carrefour Store
3010,413100610287,自行车,主城,集庆路仙鹤街路口,Xianhejie Intersection of Jiqinglu
3010,413100610303,自行车,主城,博览中心13号门,Gate 13 of Expo Center
3010,413100610314,自行车,主城,新城大厦北,North Xincheng Building
3010,413100610317,自行车,主城,边城世家北门,North Gate of Biancheng Shijia Community
3010,413100610319,自行车,主城,江南大厦,Jiangnan Building
3010,413100610325,自行车,主城,阅江广场,Yuejiang Plaza
3010,413100610328,自行车,主城,热河路广场南,South Rehelu Square
3010,413100610338,自行车,主城,中山码头,Zhongshan Ferry Terminal
3010,413100610367,自行车,主城,黑龙江路东,East Heilongjianglu
3010,413100610370,自行车,主城,新世纪广场北,North New Century Plaza
3010,413100610376,自行车,主城,燕子矶公园,Yanziji Park
3010,413100610400,自行车,主城,鼓楼公园,Gulou Park
3010,413100610425,自行车,主城,南京铁路办事处,Nanjing Railway Office
3010,413100610433,自行车,主城,汇景家园物管处,Huijing Jiayuan Property Management Office
3010,413100610440,自行车,主城,汇景北路东,East Huijingbeilu
3010,413100610460,自行车,主城,鼓楼地铁1号口,Gulou Metro Exit 1
3010,413100610484,自行车,主城,紫峰大厦,Zifeng Building
3010,413100610494,自行车,主城,建宁路麦当劳,Jianninglu McDonald's
3010,413100610495,自行车,主城,南京地税局南,South Nanjing Local Taxation Bureau
3010,413100610512,自行车,主城,建宁路义民路口,Yiminlu Intersection of Jianninglu
3010,413100610513,自行车,主城,中海凯旋门,Zhonghai Kaixuanmen
3010,413100610517,自行车,主城,双门楼宾馆,Shuangmenlou Hotel
3010,413100610518,自行车,主城,河图文化广场,Hetu Cultural Plaza
3010,413100610537,自行车,主城,马群地铁1号口,Maqun Metro Exit 1
3010,413100610750,自行车,主城,南京市商务局,Nanjing Municipal Bureau of Commerce
3010,413100610752,自行车,主城,安德门地铁站西,West Andemen Metro Station
3010,413100610755,自行车,主城,上福花园军师巷,Shangfu HuayuanJunshixiang
3010,413100610760,自行车,主城,汉中门4口,Hanzhongmen Metro Exit 4
3010,413100610764,自行车,主城,水游城西,West Aqua City
3010,413100610766,自行车,主城,集庆门东,East Jiqingmen
3010,413100610767,自行车,主城,三山街地铁1号口,Sanshanjie Metro Exit 1
3010,413100610777,自行车,主城,市第一医院北门,North Gate of Nanjing First Hospital
3010,413100610783,自行车,主城,木匠营小区,Mujiangying Community
3010,413100610786,自行车,主城,马道街,Madaojie
3010,413100610787,自行车,主城,雅居乐公园,Yajule Park
3010,413100610790,自行车,主城,雅居乐花园,Yajule Garden
3010,413100610805,自行车,主城,马鞍山食堂,Ma'anshan Dining Hall
3010,413100610811,自行车,主城,皇册花园晶华,Huangce Huayuan Jinghua
3010,413100610814,自行车,主城,三山街地铁3号口,Sanshanjie Metro Exit 3
3010,413100610815,自行车,主城,三山街地铁2号口,Sanshanjie Metro Exit 2
3010,413100610819,自行车,主城,凤巢文化产业园,Fengchao Cultural Industry Park
3010,413100610824,自行车,主城,大明路地铁4号口,Daminglu Metro Exit 4
3010,413100610825,自行车,主城,江宁织造博物馆,Jiangning Imperial Silk Manufacturing Museum
3010,413100610827,自行车,主城,市总工会,Nanjing Federation of Trade Unions
3010,413100610832,自行车,主城,大行宫地铁站,Daxinggong Metro Station
3010,413100610835,自行车,主城,西安门地铁1号口,Xi'anmen Metro Exit 1
3010,413100610837,自行车,主城,六朝博物馆,The Oriental Metropolitan Museum
3010,413100612219,自行车,江宁,北沿路武夷花园,Beiyanlu Wuyihuayuan
3010,413100612229,自行车,江宁,方山景区西门,West Gate of Fangshan Scenic Area
3010,413100612575,自行车,主城,梦都大街南京银行,MengdudajieBankof Nanjiing
3010,413100612585,自行车,主城,天迈广场,Times Plaza
3010,413100612614,自行车,主城,江心洲地铁1号口,Jiangxinzhou Metro Exit 1
3010,413100612633,自行车,江北,瑞景国际,Ruijing International
3010,413100612662,自行车,主城,扇骨营幼儿园南,South Shanguying Kindergarten
3010,413100612681,自行车,主城,城北供电所,Chengbei Power Station
3010,413100612736,自行车,江北,龙池翠洲,Longchi Cuizhou
3010,413100612737,自行车,江北,六合火车站,Luhe Railway Station
3010,413100612739,自行车,江北,璟湖国际,Jinghu International
3010,413100613343,自行车,主城,宜家家居广场东,East IKEA Plaza
3010,413100613344,自行车,主城,春光里小区,Chunguangli Community
3010,413100613347,自行车,主城,后江沿公交车站,Houjiangyan Bus Station
3010,413100613348,自行车,主城,蓝旗新村西,West Lanqi Xincun
3010,413100613355,自行车,主城,普天科技园,Putian Technology Park
3010,413100613356,自行车,主城,秣陵路21号,No. 21 Molinglu
3010,413100613388,自行车,主城,省人大西门,West Gate of Provincial People's Congress
3010,413100613389,自行车,主城,省反贪局,Jiangsu Anti-Corruption Bureau
3010,413100613403,自行车,主城,大报恩寺遗址公园,Great Bao'en TempleHeritage Park
3010,413100613404,自行车,主城,风光里小区,FengguangliCommunity
3010,413100613407,自行车,主城,513厂西门,West Gate of 513 Factory
3010,413100613408,自行车,主城,秦淮妇幼所,Qinhuai Maternal and Child Health Center
3010,413100613416,自行车,主城,武定门地铁3号口,Wudingmen Metro Exit 3
3010,413100613451,自行车,主城,地铁羊山公园,Yangshangongyuan Metro Station
3010,413100613465,自行车,主城,仙鹤门地铁站,Xianhemen Metro Station
3010,413100613470,自行车,主城,保利罗来,Baoli Luolai
3010,413100613481,自行车,主城,地铁南大仙林站,NJU Xianlin Campus Metro Station
3010,413100613498,自行车,主城,龙翔鸣翠苑东,East Longxiang Mingcuiyuan
3010,413100613502,自行车,主城,地铁仙林中心,Xianlinzhongxin Metro
3010,413100613506,自行车,主城,阳光里小区,Yangguangli Community
3010,413100613510,自行车,主城,学则路,Xuezelu
3010,413100613528,自行车,主城,虎踞关小区,Hujuguan Community
3010,413100613531,自行车,主城,河海大学东门,East Gate of Hohai University
3010,413100613536,自行车,主城,省人才市场,Jiangsu Talent Market
3010,413100613949,自行车,主城,鸡鸣寺,Jiming Temple
3010,413100613951,自行车,主城,金卡大厦,Jinka Building
3010,413100613956,自行车,主城,傅厚岗7号,Fuhougang No.7
3010,413100613965,自行车,主城,鼓楼广场电信局西,West Gulou Square Telecommunications Bureau
3010,413100613977,自行车,主城,城建集团,Nanjing Urban Construction Group
3010,413100613985,自行车,主城,成贤街东北,Northeast of Chengxianjie
3010,413100614046,自行车,主城,宁栖路邮政储蓄,"Ningqilu,Postal Savings Bank"
3010,413100614059,自行车,主城,中山北路云南路口,Yunnanlu Intersection of Zhongshanbeilu
3010,413100614064,自行车,主城,汇景东路北,North Huijingdonglu
3010,413100614065,自行车,主城,汇景南路西,South Huijingnanlu
3010,413100614066,自行车,主城,泰康路口,Taikanglu Crossing
3010,413100614075,自行车,主城,扇骨营苏果便利,Shanguying Suguo CVS
3010,413100614099,自行车,主城,仙林湖地铁站外,Outside Xianlinhu Metro Station
3010,413100614115,自行车,主城,新街口地铁5号口,Xinjiekou Metro Exit 5
3010,413100614233,自行车,主城,弘阳春上西江,Rsun Chunshang Xijiang Community
3010,413100614236,自行车,主城,梦幻家园西北门,Northwest Gate of Menghuan Jiayuan Community
3010,413100623836,自行车,江宁,爱琴湾,Aiqinwan
3010,413100623852,自行车,江宁,芙蓉苑站南,South Furongyuan Bus Station
3010,413100623878,自行车,江宁,千人之家,Qianren Zhijia Community
3010,413100623909,自行车,江宁,吉印大道地铁站,Jiyindadao Metro Station
3010,413100623968,自行车,江宁,青年城北门,North Gate of Qingniancheng
3010,413100624000,自行车,江宁,3号线天元路站1,Line 3 Tianyuanxilu Metro Station 1
3010,413100624001,自行车,江宁,3号线天元路站2,Line 3 Tianyuanxilu Metro Station 2
3010,413100624006,自行车,江宁,金盛路天一门,Jinshenglu Tianyimen
3010,413100625439,自行车,江宁,万科金域蓝湾南,South Vanke Jinyu Lanwan
3010,413100625446,自行车,江宁,机场S1佛城路2,"Airport Line S1,Fochenglu 2"
3010,413100625492,自行车,江宁,解放军理工大学,PLA University of Science and Technology
3010,413100625501,自行车,江宁,高尔夫西花园,West Golf Garden
3010,413100625507,自行车,江宁,文靖路汇景南门,Wenjinglu South Gate of Huijing Jiayuan Community
3010,413100625566,自行车,江宁,义乌公交场,Yiwu Bus Terminal
3010,413100626267,自行车,江宁,文靖路武夷花园,Wenjinglu Wuyihuayuan
3010,413100686467,自行车,江北,南京国际健康城,Nanjing International Health City
3010,413100688703,自行车,江北,浦口国资,Pukou SASAC
3010,413100688706,自行车,江北,雨泉家园,Yuquan Jiayuan
3010,413100688730,自行车,江北,润泰花园东,East Runtai Huayuan
3010,413100688733,自行车,江北,天润城十六街区北,North 16th Block of Tianruncheng